brand,name,variant,category_hint,weight_mg,weight_source,source_url
Big Agnes,Copper Spur HV UL1,UL1,shelter,963884,manufacturer,https://www.absolute-snow.com/big-agnes-copper-spur-hv-ul1-ultralight-backpacking-tent
Big Agnes,Copper Spur HV UL2,UL2,shelter,1219029,manufacturer,https://www.absolute-snow.com/big-agnes-copper-spur-hv-ul2-ultralight-backpacking-tent
Big Agnes,Copper Spur HV UL2 mtnGLO,UL2,shelter,1275729,manufacturer,https://jrifecompany.com/products/big-agnes-copper-spur-hv-ul2-mtnglo%C2%AE
Big Agnes,Copper Spur HV UL3,UL3,shelter,1587573,manufacturer,https://www.absolute-snow.com/big-agnes-copper-spur-hv-ul3-ultralight-backpacking-tent
Big Agnes,Fly Creek HV UL1,UL1,shelter,765437,manufacturer,https://www.outdoorline.eu/products/big-agnes-fly-creek-hv-ul1-ultralight-tent
Big Agnes,Fly Creek HV UL2,UL2,shelter,878835,manufacturer,https://www.outdoorline.eu/products/big-agnes-fly-creek-hv-ul2-ultralight-tent
Big Agnes,Sarvis VST 2,2P,shelter,1133981,measured,https://www.adventurealan.com/best-new-ultralight-gear/
Big Agnes,String Ridge VST 1.5,1.5P,shelter,547146,measured,https://www.treelinereview.com/gearreviews/big-agnes-string-ridge-vst-1-5-tent-review
Big Agnes,Tiger Wall UL1,,shelter,848218,manufacturer,https://www.bigagnes.com/products/tiger-wall-ul-one.json
Big Agnes,Tiger Wall UL2,UL2,shelter,992233,manufacturer,"https://www.absolute-snow.com/big-agnes-tiger-wall-ul2-tents,-bivvys--extensions"
Big Agnes,Tiger Wall UL3,UL3,shelter,1190680,manufacturer,"https://www.absolute-snow.com/big-agnes-tiger-wall-ul3-tents,-bivvys--extensions"
Bonfus,Middus 2P,DCF 0.75,shelter,410000,manufacturer,https://bonfus.com/product/middus-2p/
Bonfus,Solus 1P,DCF 0.75,shelter,495000,manufacturer,https://bonfus.com/product/solus-1p/
Durston,X-Dome 1+,Carbon poles,shelter,983728,manufacturer,https://durstongear.com/products/x-dome-1-plus-ultralight-backpacking-tent
Durston,X-Dome 2,Carbon poles,shelter,1247379,manufacturer,https://durstongear.com/products/x-dome-2-ultralight-tent
Durston,X-Mid 1,Silpoly,shelter,742758,manufacturer,https://durstongear.com/products/x-mid-1-tent-ultralight-backpacking
Durston,X-Mid 2,Silpoly,shelter,887340,manufacturer,https://durstongear.com/products/x-mid-2-tent-ultralight-backpacking
Durston,X-Mid Pro 1,DCF,shelter,439418,manufacturer,https://durstongear.com/products/x-mid-pro-1-tent-ultralight-thruhiking
Durston,X-Mid Pro 2,DCF,shelter,507456,manufacturer,https://durstongear.com/products/x-mid-pro-2-tent-ultralight-thruhiking
Gossamer Gear,The Free,1P,shelter,844816,manufacturer,https://www.gossamergear.com/products/the-free
Gossamer Gear,The One,,shelter,557919,manufacturer,https://www.gossamergear.com/products/the-one
Gossamer Gear,The Two,,shelter,798039,manufacturer,https://www.gossamergear.com/products/the-two
Hyperlite Mountain Gear,CrossPeak 1,,shelter,813631,manufacturer,https://www.hyperlitemountaingear.com/products/crosspeak-1
Hyperlite Mountain Gear,Mid 1,,shelter,453592,manufacturer,https://hyperlitemountaingear.com/products/mid-1-tent
Hyperlite Mountain Gear,UltaMid 2,"DCF, canopy only",shelter,541476,manufacturer,https://hyperlitemountaingear.com/products/ultamid-2-ultralight-pyramid-tent
Hyperlite Mountain Gear,UltaMid 4,"DCF, canopy only",shelter,635029,manufacturer,https://hyperlitemountaingear.com/products/ultamid-4-ultralight-pyramid-tent
Mountain Laurel Designs,Cricket Pyramid Tarp,.5 DCF,shelter,212621,manufacturer,https://mountainlaureldesigns.com/product/cricket-pyramid-tarp/
Mountain Laurel Designs,Cricket Pyramid Tarp,.8 DCF,shelter,255146,manufacturer,https://mountainlaureldesigns.com/product/cricket-pyramid-tarp/
Mountain Laurel Designs,Cricket Pyramid Tarp,20d Pro SilPoly,shelter,354369,manufacturer,https://mountainlaureldesigns.com/product/cricket-pyramid-tarp/
Mountain Laurel Designs,DuoMid,DCF (.75),shelter,439418,manufacturer,https://mountainlaureldesigns.com/product/duomid/
Mountain Laurel Designs,DuoMid,SilPoly,shelter,510291,manufacturer,https://mountainlaureldesigns.com/product/duomid/
Mountain Laurel Designs,SoloMid XL,DCF (.75),shelter,396893,manufacturer,https://mountainlaureldesigns.com/product/solomid-xl/
Mountain Laurel Designs,SoloMid XL,SilPoly,shelter,453592,manufacturer,https://mountainlaureldesigns.com/product/solomid-xl/
Nemo,Dagger OSMO 3P,"3P, min trail weight",shelter,1729321,manufacturer,https://www.rei.com/product/242365/nemo-dagger-osmo-3p-tent
Nemo,Dragonfly OSMO,1P,shelter,992233,manufacturer,https://www.gearx.com/products/nemo-equipment-dragonfly-osmo-1p-tent-ai7bp-fog
Nemo,Dragonfly OSMO,2P,shelter,1190680,manufacturer,https://www.rei.com/product/215776/nemo-dragonfly-osmo-2p-tent
Nemo,Hornet Elite OSMO,1P,shelter,657000,manufacturer,https://www.outdoorline.eu/products/nemo-hornet-elite-osmo-1p
Nemo,Hornet Elite OSMO,2P,shelter,779000,manufacturer,https://www.outdoorline.eu/products/nemo-hornet-elite-osmo-2p
Nemo,Hornet OSMO,1P,shelter,810000,manufacturer,https://www.alpinetrek.co.uk/nemo-hornet-osmo-1p-1-person-tent/
Nemo,Hornet OSMO,2P,shelter,918000,manufacturer,https://www.alpinetrek.co.uk/nemo-hornet-osmo-2p-2-person-tent/
Six Moon Designs,Gatewood Cape,,shelter,311845,manufacturer,https://www.sixmoondesigns.com/products/gatewood-cape
Six Moon Designs,Lunar Solo,,shelter,737088,manufacturer,https://www.sixmoondesigns.com/products/lunar-solo-tent
Six Moon Designs,Skyscape Trekker,,shelter,793787,manufacturer,https://www.sixmoondesigns.com/products/skyscape-trekker-hiking-tent
Tarptent,Aeon Li,DCF,shelter,477689,manufacturer,https://www.tarptent.com/product/aeon-li/
Tarptent,Double Rainbow,silpoly/silnylon,shelter,1017748,manufacturer,https://www.tarptent.com/product/double-rainbow/
Tarptent,Double Rainbow Li,DCF,shelter,742758,manufacturer,https://www.tarptent.com/product/double-rainbow-li/
Tarptent,Notch,silpoly fly / silnylon floor,shelter,737088,manufacturer,https://www.tarptent.com/product/notch/
Tarptent,Notch Li,DCF,shelter,566990,manufacturer,https://www.tarptent.com/product/notch-li/
Tarptent,ProTrail Li,DCF,shelter,452175,manufacturer,https://www.tarptent.com/product/protrail-li/
Tarptent,StratoSpire 2,silpoly/silnylon,shelter,1099961,manufacturer,https://www.tarptent.com/product/stratospire-2/
Tarptent,StratoSpire Li,DCF,shelter,841981,manufacturer,https://www.tarptent.com/product/stratospire-li/
Zpacks,Altaplex,Lite Floor,shelter,379884,manufacturer,https://zpacks.com/products/altaplex-tent
Zpacks,Altaplex,Standard Floor,shelter,456000,manufacturer,https://zpacks.com/products/altaplex-tent
Zpacks,Altaplex Pro,Lite Floor,shelter,411068,manufacturer,https://zpacks.com/products/altaplex-pro-tent
Zpacks,Duplex,,shelter,504622,manufacturer,https://zpacks.com/products/duplex-tent
Zpacks,Duplex Zip,,shelter,578330,manufacturer,https://zpacks.com/pages/zpacks-duplex-zip-tent
Zpacks,Offset Duo,Lite Floor,shelter,549981,manufacturer,https://zpacks.com/products/offset-duo
Zpacks,Offset Solo,,shelter,496117,manufacturer,https://zpacks.com/products/offset-solo-tent
Zpacks,Pivot Solo,Lite Floor,shelter,379884,manufacturer,https://zpacks.com/products/pivot-solo-tent
Zpacks,Pivot Solo,Standard Floor,shelter,450000,manufacturer,https://zpacks.com/products/pivot-solo-tent
Zpacks,Plex Solo,,shelter,411068,manufacturer,https://zpacks.com/products/plexsolo-tent
Zpacks,Plex Solo Classic,,shelter,411068,manufacturer,https://zpacks.com/products/plexsolo-tent
Zpacks,Plex Solo Pro,Lite Floor,shelter,374214,manufacturer,https://zpacks.com/products/plex-solo-pro-tent
Zpacks,Triplex,,shelter,612350,manufacturer,https://zpacks.com/products/bargain-triplex-tent-white
Big Agnes,Divide Insulated,Regular,sleep,635000,manufacturer,https://www.bigagnes.com/products/divide-insulated.json
Big Agnes,Rapide SL Insulated,Double Wide,sleep,1048000,manufacturer,https://www.bigagnes.com/products/rapide-sl-insulated.json
Big Agnes,Rapide SL Insulated,Long,sleep,540000,manufacturer,https://www.bigagnes.com/products/rapide-sl-insulated.json
Big Agnes,Rapide SL Insulated,Long Wide,sleep,708000,manufacturer,https://www.bigagnes.com/products/rapide-sl-insulated.json
Big Agnes,Rapide SL Insulated,Petite,sleep,481000,manufacturer,https://www.bigagnes.com/products/rapide-sl-insulated.json
Big Agnes,Rapide SL Insulated,Regular,sleep,510291,manufacturer,https://www.bigagnes.com/products/rapide-sl-insulated
Big Agnes,Rapide SL Insulated,Regular Wide,sleep,649000,manufacturer,https://www.bigagnes.com/products/rapide-sl-insulated.json
Big Agnes,Rapide SL Pillow,One size,sleep,45359,manufacturer,https://www.bigagnes.com/products/rapide-sl-pillow
Enlightened Equipment,Enigma,"10F, 850FP, Regular",sleep,699666,manufacturer,https://web.archive.org/web/20211201053529id_/https://enlightenedequipment.com/enigma-850-10-f-12-c-regular-regular-navy-10d-charcoal-10d-5900-23/
Enlightened Equipment,Enigma,"20F, 950FP, Regular",sleep,520214,manufacturer,https://enlightenedequipment.com/quilt-comparison
Enlightened Equipment,Enigma,"30F, 850FP, Regular",sleep,508590,manufacturer,https://web.archive.org/web/20221209030426id_/https://enlightenedequipment.com/copy-of-enigma-850-30-1-regular-regular-graphite-7d-salmon-7d-6144-3-1/
Enlightened Equipment,Revelation,"10F, 850FP, Regular",sleep,722913,manufacturer,https://web.archive.org/web/20220125080410id_/https://enlightenedequipment.com/revelation-850-10-f-12-c-regular-regular-forest-10d-graphite-7d-171121/
Enlightened Equipment,Revelation,"20F, 950FP, Regular",sleep,566423,manufacturer,https://enlightenedequipment.com/quilt-comparison
Enlightened Equipment,Revelation,"30F, 850FP, Regular",sleep,551398,manufacturer,https://web.archive.org/web/20211016111200id_/https://enlightenedequipment.com/revelation-850-30-f-1-c-regular-regular-burnt-orange-10d-charcoal-10d-5815-38/
Enlightened Equipment,Revelation,"40F, 850FP, Regular",sleep,448206,manufacturer,https://web.archive.org/web/20220524032618id_/https://enlightenedequipment.com/revelation-850-40-f-5-c-regular-regular-forest-10d-charcoal-10d-5763-28/
Exped,Ultra 6.5R,M,sleep,439418,manufacturer,https://www.expedusa.com/products/ultra-6-5r
Feathered Friends,Flicker UL Quilt,"20F, Regular, 950+FP",sleep,721212,manufacturer,https://featheredfriends.com/products/flicker-ul-ultralight-down-quilt-sleeping-bag
Feathered Friends,Flicker UL Wide 20,"Regular (6 ft) Wide, 20°F",sleep,779612,manufacturer,https://featheredfriends.com/products/flicker-ul-wide-ultralight-down-quilt-sleeping-bag
Feathered Friends,Hummingbird UL 20,"Regular (6 ft), 20°F",sleep,677553,manufacturer,https://featheredfriends.com/products/hummingbird-ul-ultralight-20-30-degree-down-sleeping-bag
Feathered Friends,Hummingbird UL 30,"Regular (6 ft), 30°F",sleep,601010,manufacturer,https://featheredfriends.com/products/hummingbird-ul-ultralight-20-30-degree-down-sleeping-bag
Feathered Friends,Swallow UL 20,"Regular (6 ft), 20°F",sleep,754097,manufacturer,https://featheredfriends.com/products/swallow-ul-ultralight-20-30-degree-down-sleeping-bag-c0
Feathered Friends,Swallow UL 30,"Regular (6 ft), 30°F",sleep,663378,manufacturer,https://featheredfriends.com/products/swallow-ul-ultralight-20-30-degree-down-sleeping-bag-c0
Gossamer Gear,"Thinlight Foam Pad 1/8""",Rolled,sleep,76544,manufacturer,https://www.gossamergear.com/products/thinlight-foam-pad
Hammock Gear,Premium Burrow 20,"20F, 850FP, Standard",sleep,615752,manufacturer,https://hammockgear.com/wp-content/uploads/2025/06/B850finalweights.pdf
Hammock Gear,Premium Burrow 30,"30F, 850FP, Standard",sleep,520781,manufacturer,https://hammockgear.com/wp-content/uploads/2025/06/B850finalweights.pdf
Hyperlite Mountain Gear,20-Degree Quilt,Regular / 20°F,sleep,570000,manufacturer,https://hyperlitemountaingear.com/products/20-degree-quilt
Hyperlite Mountain Gear,Stuff Sack Pillow,One size (9L),sleep,48194,manufacturer,https://hyperlitemountaingear.com/products/stuff-sack-pillows
Katabatic Gear,Alsek 22,"22F, 850FP, Regular",sleep,660544,manufacturer,https://katabaticgear.com/products/alsek-ultralight-quilt
Katabatic Gear,Flex 22,"22F, 850FP, Regular",sleep,677554,manufacturer,https://katabaticgear.com/products/flex-22-ultralight-quilt
Katabatic Gear,Palisade 30,"30F, 850FP, Regular",sleep,561321,manufacturer,https://katabaticgear.com/products/palisade-ultralight-quilt
Katabatic Gear,Sawatch 15,"15F, 900FP, Regular",sleep,700233,manufacturer,https://katabaticgear.com/products/sawatch-ultralight-quilt
Mountain Hardwear,Ghoul 20F,Regular,sleep,633000,manufacturer,https://climbonequipment.com/en-us/products/mhw-ghoul-7-c-sleeping-bag
Nemo,Disco 30,"30F, Regular, 650FP",sleep,878835,manufacturer,https://www.rei.com/product/162950/nemo-disco-30-sleeping-bag-mens
Nemo,Eclipse All-Season,Regular,sleep,453592,measured,https://www.adventurealan.com/product/nemo-eclipse-review/
Nemo,Fillo,Regular,sleep,260816,manufacturer,https://www.nemoequipment.com/products/fillo-backpacking-pillow
Nemo,Switchback Ultralight,Regular,sleep,411068,manufacturer,https://www.nemoequipment.com/products/switchback-ultralight-sleeping-pad
Nemo,Tensor All-Season Ultralight Insulated,Regular,sleep,439418,manufacturer,https://www.nemoequipment.com/products/tensor-all-season-insulated-sleeping-pad
Nemo,Tensor All-Season Ultralight Insulated,Regular Wide,sleep,538641,manufacturer,https://www.nemoequipment.com/products/tensor-all-season-insulated-sleeping-pad
Nemo,Tensor Elite Ultralight Sleeping Pad,Regular Mummy,sleep,240971,manufacturer,https://zpacks.com/products/nemo-tensor-elite-sleeping-pad
Nemo,Tensor Elite Ultralight Sleeping Pad,Regular Wide Mummy,sleep,294835,manufacturer,https://zpacks.com/products/nemo-tensor-elite-sleeping-pad
Nemo,Tensor Elite Ultralight Sleeping Pad,Short Mummy,sleep,215456,manufacturer,https://zpacks.com/products/nemo-tensor-elite-sleeping-pad
Nemo,Tensor Extreme Conditions Ultralight Insulated,Regular Mummy,sleep,481942,manufacturer,https://www.campman.com/camp-hike/nemo-tensor-extreme-conditions-sleeping-pad/
Nemo,Tensor Trail Ultralight Insulated,Regular,sleep,394058,manufacturer,https://www.nemoequipment.com/products/tensor-trail-insulated-ultralight-sleeping-pad
Pillow Strap,Camping Pillowcase,Medium,sleep,65204,manufacturer,https://www.pillowstrap.com/products/medium-grey
REI Co-op,Magma 30,"30F, Regular, 850FP",sleep,561320,manufacturer,https://web.archive.org/web/20200311095059id_/https://www.rei.com/product/148246/rei-co-op-magma-30-sleeping-bag-mens
Sea to Summit,Aeros Premium Pillow,Regular,sleep,99223,manufacturer,https://seatosummit.com/products/aeros-pillow-premium
Sea to Summit,Ember 30F,"30F, Regular",sleep,544000,manufacturer,https://seatosummit.com/products/the-ember-down-quilt
Sea to Summit,Ether Light XR Insulated,Regular Wide,sleep,605000,manufacturer,https://seatosummit.com/products/ether-light-xr-insulated-air-sleeping-pad
Sea to Summit,Ether Light XT Extreme Insulated,Regular (tapered),sleep,720000,manufacturer,https://seatosummit.com/pages/ether-light-xt-insulated-sleeping-pad
Sea to Summit,Ether Light XT Insulated,Regular,sleep,490447,manufacturer,https://seatosummit.com/pages/ether-light-xt-insulated-sleeping-pad
Sea to Summit,Spark 15F,"15F, Regular",sleep,728583,manufacturer,https://seatosummit.com/products/spark-down-sleeping-bag
Sea to Summit,Spark 30F,"30F, Regular",sleep,493000,manufacturer,https://seatosummit.com/products/spark-down-sleeping-bag
Sea to Summit,Trek TkII Down Sleeping Bag,"Long, 18F",sleep,1077282,manufacturer,https://www.thebrokebackpacker.com/sea-to-summit-trek-tkii-review/
Sea to Summit,Ultralight XR Insulated,Regular,sleep,415000,manufacturer,https://seatosummit.com/products/ultralight-xr-insulated-air-sleeping-pad
Therm-a-Rest,Corus 20F,"20F / -6C, Regular, 650FP down",sleep,734820,manufacturer,https://cascadedesigns.com/products/corus-20f-6c-down-quilt
Therm-a-Rest,NeoAir XLite NXT,Large,sleep,481942,manufacturer,https://cascadedesigns.com/products/neoair-xlite-nxt-sleeping-pad
Therm-a-Rest,NeoAir XLite NXT,Regular,sleep,368544,manufacturer,https://cascadedesigns.com/products/neoair-xlite-nxt-sleeping-pad
Therm-a-Rest,NeoAir XLite NXT,Regular Wide,sleep,453592,manufacturer,https://cascadedesigns.com/products/neoair-xlite-nxt-sleeping-pad
Therm-a-Rest,NeoAir XTherm NXT,Large,sleep,566990,manufacturer,https://cascadedesigns.com/products/neoair-xtherm-nxt-sleeping-pad
Therm-a-Rest,NeoAir XTherm NXT,Regular,sleep,439418,manufacturer,https://cascadedesigns.com/products/neoair-xtherm-nxt-sleeping-pad
Therm-a-Rest,NeoAir XTherm NXT,Regular Wide,sleep,538641,manufacturer,https://cascadedesigns.com/products/neoair-xtherm-nxt-sleeping-pad
Therm-a-Rest,ProLite Plus,Regular,sleep,652039,manufacturer,https://cascadedesigns.com/en-eu/products/prolite-plus-sleeping-pad
Therm-a-Rest,Vesper 20F,"20F, Regular",sleep,550000,manufacturer,https://cascadedesigns.com/products/vesper-20f-6c-down-quilt
Therm-a-Rest,Z Lite Sol,Regular,sleep,396893,manufacturer,https://cascadedesigns.com/products/z-lite-sol-sleeping-pad
Therm-a-Rest,Z Lite Sol,Small,sleep,283495,manufacturer,https://cascadedesigns.com/products/z-lite-sol-sleeping-pad
Therm-a-Rest,Z Seat,standard,sleep,56699,manufacturer,https://cascadedesigns.com/products/z-seat
Trekology,Aluft 2.0,Regular,sleep,110563,manufacturer,https://trekology.com/products/trekology-aluft-2-0-inflatable-pillow-for-camping-copy-2
Western Mountaineering,AlpinLite,"6 ft, 20°F",sleep,878835,manufacturer,https://www.westernmountaineering.com/product/alpinlite/
Western Mountaineering,HighLite,"6 ft, 35°F",sleep,453592,manufacturer,https://www.westernmountaineering.com/product/highlite/
Western Mountaineering,MegaLite,"6 ft, 30°F",sleep,680388,manufacturer,https://www.westernmountaineering.com/product/megalite/
Western Mountaineering,SummerLite,"6 ft, 32°F",sleep,538641,manufacturer,https://www.westernmountaineering.com/product/summerlite/
Western Mountaineering,UltraLite,"6 ft, 20°F",sleep,822136,manufacturer,https://www.westernmountaineering.com/product/ultralite/
Western Mountaineering,VersaLite,"6 ft, 10°F",sleep,907185,manufacturer,https://www.westernmountaineering.com/product/versalite/
Zenbivy,Ultralight Bed,"25F, Regular (quilt + Fast Sheet)",sleep,566990,manufacturer,https://zenbivy.com/collections/ultralight-beds
Zpacks,Solo Quilt,"20F, 900FP, Standard",sleep,518796,manufacturer,https://zpacks.com/products/solo-quilt
Atom Packs,The Atom,"30L, M torso",pack,408000,manufacturer,https://atompacks.co.uk/products/the-atom-custom
Atom Packs,The Atom,"40L, M torso",pack,438000,manufacturer,https://atompacks.co.uk/products/the-atom-custom
Atom Packs,The Prospector,"40L, M torso",pack,890000,manufacturer,https://atompacks.co.uk/products/the-prospector-custom
Atom Packs,The Pulse,"EP50, M torso",pack,675000,manufacturer,https://atompacks.co.uk/products/the-pulse-ep50-black
Bonfus,Framus 48,"Ultra 200X, M",pack,760000,manufacturer,https://bonfus.com/product/framus-48l/
Bonfus,Framus 58,"Ultra 200X, M",pack,795000,manufacturer,https://bonfus.com/product/framus-58l/
Durston,Kakwa 40,Ultra 200X / M,pack,793787,manufacturer,https://durstongear.com/products/kakwa-40-backpack
Durston,Kakwa 40,UltraGrid / M,pack,839146,manufacturer,https://durstongear.com/products/kakwa-40-backpack
Durston,Kakwa 55,Ultra 200X / M,pack,893010,manufacturer,https://durstongear.com/products/kakwa-55
Durston,Kakwa 55,UltraGrid / M,pack,867495,manufacturer,https://durstongear.com/products/kakwa-55
Durston,Wapta 30,M,pack,518796,manufacturer,https://durstongear.com/products/wapta-30-ultralight-backpack
Goldwin,Star Trail Pack,size 3,pack,178000,manufacturer,https://usshop.goldwin-global.com/products/gm95181
Gossamer Gear,Gorilla 50,Medium,pack,904350,manufacturer,https://www.gossamergear.com/products/gorilla-50
Gossamer Gear,Kumo 36,Medium,pack,566990,manufacturer,https://www.gossamergear.com/products/kumo-36-superlight-backpack
Gossamer Gear,Mariposa 60,"Medium, with M Straight belt",pack,969554,manufacturer,https://www.gossamergear.com/products/mariposa-60-lightweight-backpack
Gossamer Gear,Murmur 36,,pack,223961,manufacturer,https://www.gossamergear.com/products/murmur-36-hyperlight-backpack
Gossamer Gear,Nylofume Pack Liner Bag,per bag,pack,25798,manufacturer,https://www.litesmith.com/nylofume-pack-liner-bags/
Granite Gear,Blaze 60,Regular torso,pack,1360777,manufacturer,https://www.granitegear.com/blaze-60-unisex.html
Granite Gear,Crown3 60,Regular torso,pack,1088622,manufacturer,https://www.granitegear.com/crown3-60-pack.html
Gregory,Facet 45,M,pack,1188412,manufacturer,https://web.archive.org/web/20230402060031/https://www.gregorypacks.com/packs-bags/backpacking-packs/facet-45-141FAC45.html
Gregory,Facet 55,M,pack,1206556,manufacturer,https://web.archive.org/web/20220527185240/https://www.gregorypacks.com/packs-bags/backpacking-packs/facet-55-141FAC55.html
Gregory,Focal 48,M,pack,1179340,manufacturer,https://web.archive.org/web/20230201031741/https://www.gregorypacks.com/packs-bags/backpacking-packs/focal-48-141FOC48.html
Gregory,Focal 58,M,pack,1202020,manufacturer,https://web.archive.org/web/20230914192326/https://www.gregorypacks.com/packs-bags/backpacking-packs/focal-58-141FOC58.html
Gregory,Maven 45,S/M,pack,1500000,manufacturer,https://www.snowcountry.eu/gregory-maven-45-8258.html
Gregory,Paragon 48,M/L,pack,1600000,manufacturer,https://www.snowcountry.eu/gregory-paragon-48-1416.html
Hyperlite Mountain Gear,Junction 2400,40 L,pack,833476,manufacturer,https://hyperlitemountaingear.com/products/junction
Hyperlite Mountain Gear,Junction 3400,55 L,pack,867495,manufacturer,https://hyperlitemountaingear.com/products/junction
Hyperlite Mountain Gear,Pemi 15,M,pack,351534,manufacturer,https://www.hyperlitemountaingear.com/products/pemi-15
Hyperlite Mountain Gear,Southwest 2400,40 L,pack,841981,manufacturer,https://hyperlitemountaingear.com/products/southwest
Hyperlite Mountain Gear,Southwest 3400,55 L,pack,873165,manufacturer,https://hyperlitemountaingear.com/products/southwest
Hyperlite Mountain Gear,Unbound 40,40 L,pack,839146,manufacturer,https://hyperlitemountaingear.com/products/unbound
Hyperlite Mountain Gear,Windrider 2400,40 L,pack,839146,manufacturer,https://hyperlitemountaingear.com/products/windrider
Hyperlite Mountain Gear,Windrider 3400,55 L,pack,881670,manufacturer,https://hyperlitemountaingear.com/products/windrider
LiteAF,Curve 30,"Dyneema, frameless",pack,368544,manufacturer,https://liteaf.com/product/dyneema-30l-curve-frameless-custom-ultralight-backpack/
LiteAF,Full Suspension 46,UltraWeave,pack,708738,manufacturer,https://liteaf.com/product/ultra-46l-curve-full-suspension/
Matador,Beast28 Ultralight Technical Backpack,,pack,680000,manufacturer,https://www.matadorequipment.com/products/beast28-ultralight-technical-backpack
Matador,Freefly16 Packable Backpack,,pack,190000,manufacturer,https://www.matadorequipment.com/products/freefly16-2
Matador,Freerain Waterproof Packable Hip Pack,,pack,115000,manufacturer,https://www.matadorequipment.com/products/freerain-hippack
Matador,Freerain22 Waterproof Packable Backpack,,pack,300000,manufacturer,https://www.matadorequipment.com/products/freerain22
Matador,GlobeRider35 Travel Backpack,with hip belt,pack,1560000,manufacturer,https://www.matadorequipment.com/products/globerider35-travel-backpack
Matador,GlobeRider45 Travel Backpack,,pack,2041000,manufacturer,https://www.matadorequipment.com/products/globerider45-travel-backpack
Matador,ReFraction Packable Backpack,,pack,225000,manufacturer,https://www.matadorequipment.com/products/refraction-packable-backpack
Matador,ReFraction Packable Duffle,,pack,225000,manufacturer,https://www.matadorequipment.com/products/refraction-packable-duffle
Matador,ReFraction Packable Sling,,pack,115000,manufacturer,https://www.matadorequipment.com/products/refraction-packable-sling
Matador,SEG28 Backpack,,pack,1044000,manufacturer,https://www.matadorequipment.com/products/seg28-backpack
Matador,SEG45 Travel Pack,,pack,998000,manufacturer,https://www.matadorequipment.com/products/seg45-travel-pack
Mountain Laurel Designs,Burn 38L,,pack,467767,manufacturer,https://mountainlaureldesigns.com/product/burn-38l/
Mountain Laurel Designs,Exodus 57L,,pack,510291,manufacturer,https://mountainlaureldesigns.com/product/exodus-57l/
Mountain Laurel Designs,Prophet 48L,,pack,496117,manufacturer,https://mountainlaureldesigns.com/product/prophet-48l/
Mountainsmith,Scream 55,,pack,1280000,measured,https://mountainsforeverybody.com/mountainsmith-scream-55-pack-review/
Nashville Pack,Cutaway,20L,pack,408233,manufacturer,https://nashvillepack.com/products/the-cutaway-pack
Nashville Pack,Cutaway,30L,pack,436583,manufacturer,https://nashvillepack.com/products/the-cutaway-pack
Nashville Pack,Cutaway,40L,pack,493282,manufacturer,https://nashvillepack.com/pages/cutaway-pack-specs
Osprey,Atmos AG 65,L/XL (68 L),pack,2180419,manufacturer,https://web.archive.org/web/2id_/https://www.osprey.com/atmos-ag-65-atmos65s22-415
Osprey,Atmos AG 65,S/M (65 L),pack,2092422,manufacturer,https://web.archive.org/web/2id_/https://www.osprey.com/atmos-ag-65-atmos65s22-415
Osprey,Aura AG 65,WM/L (65 L),pack,2085164,manufacturer,https://web.archive.org/web/2id_/https://www.osprey.com/aura-ag-65-aura65s22-224
Osprey,Aura AG 65,WXS/S (62 L),pack,2026197,manufacturer,https://web.archive.org/web/2id_/https://www.osprey.com/aura-ag-65-aura65s22-224
Osprey,Eja 48,WM/L,pack,1288202,manufacturer,https://www.osprey.com/gb/media/user_manuals/OM_Exos_Eja_S22_ENG.pdf
Osprey,Eja 48,WXS/S,pack,1247379,manufacturer,https://www.osprey.com/gb/media/user_manuals/OM_Exos_Eja_S22_ENG.pdf
Osprey,Eja 58,WM/L,pack,1315418,manufacturer,https://www.osprey.com/gb/media/user_manuals/OM_Exos_Eja_S22_ENG.pdf
Osprey,Eja 58,WXS/S,pack,1274595,manufacturer,https://www.osprey.com/gb/media/user_manuals/OM_Exos_Eja_S22_ENG.pdf
Osprey,Exos 48,L/XL,pack,1333562,manufacturer,https://www.osprey.com/gb/media/user_manuals/OM_Exos_Eja_S22_ENG.pdf
Osprey,Exos 48,S/M,pack,1288202,manufacturer,https://www.osprey.com/gb/media/user_manuals/OM_Exos_Eja_S22_ENG.pdf
Osprey,Exos 58,L/XL,pack,1360777,manufacturer,https://www.osprey.com/gb/media/user_manuals/OM_Exos_Eja_S22_ENG.pdf
Osprey,Exos 58,S/M,pack,1319954,manufacturer,https://www.osprey.com/gb/media/user_manuals/OM_Exos_Eja_S22_ENG.pdf
Osprey,Exos Pro 55,L/XL (58 L),pack,982027,manufacturer,https://web.archive.org/web/2id_/https://www.osprey.com/exos-pro-55-exospro55s23-482
Osprey,Exos Pro 55,S/M (55 L),pack,942111,manufacturer,https://web.archive.org/web/2id_/https://www.osprey.com/exos-pro-55-exospro55s23-482
Osprey,Levity 45,M,pack,839146,measured,https://www.pctoregon.com/review-osprey-levity-45-ultralight-backpack/
Osprey,Levity 60,M,pack,830000,measured,https://www.adventure52.com/reviews/osprey-levity-60-rucsac-review/
Osprey,Lumina 45,,pack,843682,measured,https://www.outdoorgearlab.com/reviews/camping-and-hiking/backpacks-womens/osprey-lumina-45
Osprey,Lumina 60,,pack,816466,measured,https://www.outdoorgearlab.com/reviews/camping-and-hiking/backpacks-womens/osprey-lumina-60
Osprey,Talon 44,L/XL (48 L),pack,1619325,manufacturer,https://web.archive.org/web/2id_/https://www.osprey.com/talontm-8
Osprey,Talon 44,S/M (44 L),pack,1569430,manufacturer,https://web.archive.org/web/2id_/https://www.osprey.com/talontm-8
Osprey,Tempest 40,WM/L (40 L),pack,1327665,manufacturer,https://web.archive.org/web/2id_/https://www.osprey.com/gb/osprey-tempest-40-2021
Osprey,Tempest 40,WXS/S (38 L),pack,1240575,manufacturer,https://web.archive.org/web/2id_/https://www.osprey.com/gb/osprey-tempest-40-2021
Outdoor Vitals,Carbon Evo 50,"R torso, M belt",pack,850486,manufacturer,https://outdoorvitals.com/products/carbon-evo-50-backpack-1
Pa'lante,Desert Pack,Gridstop,pack,532971,manufacturer,https://palantepacks.com/products/desert-pack
Pa'lante,Desert Pack,Ultraweave,pack,592505,manufacturer,https://palantepacks.com/products/desert-pack
Pa'lante,Joey,Gridstop,pack,405398,manufacturer,https://palantepacks.com/products/joey
Pa'lante,Joey,Ultraweave,pack,408233,manufacturer,https://palantepacks.com/products/joey
Pa'lante,Mini Joey,Robic,pack,362874,manufacturer,https://palantepacks.com/products/mini-joey
Pa'lante,Ultralight Pack,Gridstop,pack,416738,manufacturer,https://palantepacks.com/products/ultralight
Pa'lante,Ultralight Pack,Robic,pack,385554,manufacturer,https://palantepacks.com/products/ultralight
Pa'lante,Ultralight Pack,Ultraweave,pack,396893,manufacturer,https://palantepacks.com/products/ultralight
Pa'lante,V2,"Gridstop (16"" / 19"")",pack,501787,manufacturer,https://palantepacks.com/products/v2
Pa'lante,V2,Ultraweave,pack,513126,manufacturer,https://palantepacks.com/products/v2
REI Co-op,Flash 22 Pack,,pack,396893,measured,https://www.adventurealan.com/product/rei-co-op-flash-22-pack/
REI Co-op,Flash 55 Pack,"Men's, Medium",pack,1275729,manufacturer,https://web.archive.org/web/20240601231228/https://www.rei.com/product/216571/rei-co-op-flash-55-pack-mens
REI Co-op,Flash 55 Pack,"Women's, M",pack,1224699,measured,https://www.outdoorgearlab.com/reviews/camping-and-hiking/backpacks-womens/rei-co-op-flash-55-womens
REI Co-op,Flash Air 50,,pack,850486,measured,https://www.adventurealan.com/product/rei-co-op-flash-air-50-review/
Sierra Designs,Flex Capacitor 25-40,S/M waist belt,pack,1100000,measured,https://blog.outdoorprolink.com/proview-sierra-designs-flex-capacitor-25-40l/
Sierra Designs,Flex Capacitor 40-60,M/L torso,pack,1400000,manufacturer,https://sierradesigns.com/flex-capacitor-40-60/
Sierra Designs,Flex Capacitor 40-60,S/M torso,pack,1230000,manufacturer,https://sierradesigns.com/flex-capacitor-40-60/
Six Moon Designs,Minimalist V2,Robic,pack,1213360,manufacturer,https://www.sixmoondesigns.com/products/minimalist-v2-ultralight-backpack
Six Moon Designs,Swift V,,pack,1017748,manufacturer,https://www.sixmoondesigns.com/products/swift-v-hiking-backpack
Six Moon Designs,Swift X,Standard,pack,1099961,manufacturer,https://www.sixmoondesigns.com/products/swift-x-ultralight-backpack
Superior Wilderness Designs,Big Wild 70L,Ultra400X,pack,935534,manufacturer,https://www.swdbackpacks.com/product-page/big-wild-70l-ultra400
Superior Wilderness Designs,Long Haul 50L,Ultra200X,pack,810796,manufacturer,https://www.swdbackpacks.com/product-page/ultralight-long-haul-50l-internal-frame
Superior Wilderness Designs,Long Haul 50L,Ultragrid 200,pack,893010,manufacturer,https://www.swdbackpacks.com/product-page/long-haul-50-ultragrid-internal-frame
Superior Wilderness Designs,Movement 40L,Ultragrid,pack,765437,manufacturer,https://www.swdbackpacks.com/product-page/movement-40-ultragrid-internal-frame
Superior Wilderness Designs,Superior 35,Ultra200X,pack,396893,manufacturer,https://www.swdbackpacks.com/product-page/superior35ultra
ULA Equipment,Catalyst,,pack,1258719,manufacturer,https://www.ula-equipment.com/product/catalyst/
ULA Equipment,CDT,UltraGrid,pack,768272,manufacturer,https://www.ula-equipment.com/product/cdt/
ULA Equipment,Circuit,,pack,1091457,manufacturer,https://www.ula-equipment.com/product/circuit/
ULA Equipment,Ohm 2.0,UltraGrid,pack,861826,manufacturer,https://www.ula-equipment.com/product/ohm/
ULA Equipment,Photon,,pack,739923,manufacturer,https://www.ula-equipment.com/product/photon/
Zpacks,Arc Blast 55L,discontinued,pack,564156,manufacturer,https://zpacks.com/products/arc-blast-backpack
Zpacks,Arc Haul Ultra 50L,,pack,606680,manufacturer,https://zpacks.com/products/arc-haul-ultra-50l-backpack
Zpacks,Arc Haul Ultra 60L,,pack,618020,manufacturer,https://zpacks.com/products/arc-haul-ultra-60l-backpack
Zpacks,Nero Pro,30L,pack,314680,manufacturer,https://zpacks.com/products/nero-pro-ultra-backpack
Evernew,Titanium NS Pot 0.9L (ECA422),900ml,cook,140000,manufacturer,https://evernew-global.com/products/titanium/ECA422.html
Evernew,Titanium Ti Cup 400FD (EBY265),"400ml, single wall",cook,60101,manufacturer,https://www.evernewamerica.com/ti-mugs/
Fire Maple,Petrel G2 Ultralight Pot,"750ml, pot only",cook,185000,manufacturer,https://firemaplegear.com/products/petrel-ultralight-pot-750ml
Fozzils,Snapfold Bowl,single bowl,cook,40000,measured,https://the-high-route.com/review-fozzils-snapfold-bowl/
Jetboil,Flash Cooking System,1.0L,cook,371039,manufacturer,https://jetboil.johnsonoutdoors.com/us/shop/stoves-systems/flash-10l-fast-boil-system
Jetboil,MiniMo Cooking System,,cook,414130,manufacturer,https://jetboil.johnsonoutdoors.com/us/shop/stoves-systems/minimo-cooking-system/mnmcb
Jetboil,Stash Cooking System,0.8L,cook,201282,manufacturer,https://jetboil.johnsonoutdoors.com/us/shop/stoves-systems/stash-cooking-system
MSR,PocketRocket 2 Stove,,cook,73709,manufacturer,https://cascadedesigns.com/products/pocketrocket-2-stove
MSR,PocketRocket Deluxe Stove,,cook,82214,manufacturer,https://cascadedesigns.com/products/pocketrocket-deluxe-stove
MSR,Titan Long Spoon,,cook,19845,manufacturer,https://cascadedesigns.com/products/titan-long-spoon
Sea to Summit,Camp Cutlery Spoon,,cook,12000,manufacturer,https://seatosummit.com/products/camp-spoon
Sea to Summit,X-Mug,,cook,70874,manufacturer,https://seatosummit.com/products/x-mug-16oz-with-cool-grip-used
Snow Peak,LiteMax Titanium Stove,,cook,53864,manufacturer,https://www.snowpeak.com/products/litemax-titanium-stove
Snow Peak,Trek 700 Titanium,700ml,cook,136078,manufacturer,https://www.snowpeak.com/products/trek-700-titanium
Soto,Amicus Stove with Igniter,with igniter,cook,82214,manufacturer,https://sotooutdoors.com/product/amicus-stove-with-igniter/
Soto,WindMaster Stove,with 4Flex,cook,85049,manufacturer,https://sotooutdoors.com/product/windmaster-stove-with-4flex/
Toaks,Titanium 1100ml Pot,1100ml,cook,124738,manufacturer,https://www.toaksoutdoor.com/products/pot-1100
Toaks,Titanium 450ml Cup,450ml,cook,76000,manufacturer,https://www.toaksoutdoor.com/products/cup-450
Toaks,Titanium 550ml Pot (Ultralight),550ml,cook,73709,manufacturer,https://www.toaksoutdoor.com/products/pot-550-l
Toaks,Titanium 650ml Pot (Light),650ml,cook,79379,manufacturer,https://www.toaksoutdoor.com/products/pot-650-l
Toaks,Titanium 750ml Pot,750ml,cook,102058,manufacturer,https://www.toaksoutdoor.com/products/pot-750
Toaks,Titanium 900ml D115mm Pot,900ml,cook,116233,manufacturer,https://www.toaksoutdoor.com/products/pot-900-d115
Toaks,Titanium Long Handle Spoon,,cook,18427,manufacturer,https://www.toaksoutdoor.com/products/slv-03
Vargo,BOT 700,700ml,cook,136078,manufacturer,https://vargooutdoors.com/products/bot-700
Aquamira,Water Treatment Drops,1 oz,water,85049,measured,https://www.cleverhiker.com/backpacking/aquamira-water-purification-drops-review/
CNOC,Vecto Water Container (28mm),2L,water,76000,manufacturer,https://www.sixmoondesigns.com/products/vecto-2l-water-container-28mm
CNOC,Vecto Water Container (28mm),3L,water,84000,manufacturer,https://www.sixmoondesigns.com/products/vecto-3l-water-container-28mm
Glaceau,Smartwater Bottle,1L,water,39689,measured,https://www.adventurealan.com/hard-ultralight-water-bottles/
HydraPak,Flux Collapsible Bottle,1.5L,water,122000,manufacturer,https://www.hydrapak.com/products/flux%E2%84%A2-1-5l
Katadyn,BeFree AC,1.0L,water,75000,measured,https://www.test4outside.com/en/produit/katadyn-befree-filtre-ac-1-0l/
Katadyn,BeFree Gravity Water Filter,3.0L,water,192777,manufacturer,https://www.bestglide.com/products/katadyn-befree-gravity-water-filtration-system-3-0l-usa
Katadyn,BeFree Water Filter,0.6L,water,59534,manufacturer,https://www.bestglide.com/products/katadyn-befree-0-6l-us
Katadyn,BeFree Water Filter,1.0L,water,62369,manufacturer,https://zpacks.com/collections/katadyn-befree
Mazama Designs,M!GO Bottle,,water,132000,manufacturer,https://mazamadesigns.com/products/m-go-bottle
Nalgene,Wide Mouth Bottle,32oz / 1L,water,177185,manufacturer,https://nalgene.com/product/32oz-wide-mouth-bottle/
Osprey,Hydraulics Reservoir,2 L,water,208652,manufacturer,https://appoutdoors.com/products/hydraulics-2l-reservoir.json
Platypus,GravityWorks Water Filter System,4L,water,326020,manufacturer,https://cascadedesigns.com/products/gravityworks-water-filter-system
Platypus,Hoser Reservoir,2L,water,102058,manufacturer,https://cascadedesigns.com/products/hoser-reservoir
Platypus,QuickDraw Microfilter,,water,82214,manufacturer,https://cascadedesigns.com/products/quickdraw-filter
Platypus,QuickDraw Microfilter,Filter only,water,68039,manufacturer,https://cascadedesigns.com/products/quickdraw-filter
Sawyer,Micro Squeeze Water Filter,,water,56699,manufacturer,https://www.sawyer.com/product/micro-squeeze-water-filtration-system
Sawyer,MINI Water Filter,,water,39000,measured,https://faroutguides.com/sawyer-mini-micro-and-squeeze-compared/
Sawyer,Squeeze Water Filter (SP129),,water,85049,manufacturer,https://www.sawyereurope.com/water-filtration/sawyer-sp129-squeeze-water-filtration-system
Altra,Lone Peak 9,"Men's, per shoe",clothing,294835,manufacturer,https://www.runningwarehouse.com/Altra_Lone_Peak_9/descpage-ALL9PM1.html
Altra,Lone Peak 9+,"Men's, per shoe",clothing,303340,manufacturer,https://www.runningwarehouse.com/Altra_Lone_Peak_9/descpage-AMLP9M6.html
Altra,Olympus 6,"Men's, per shoe",clothing,354369,manufacturer,https://www.runningwarehouse.com/Altra_Olympus_6/descpage-AL6OLM4.html
Altra,Timp 5,"Men's, per shoe",clothing,277825,manufacturer,https://www.runningwarehouse.com/Altra_Timp_5/descpage-AL5TIM2.html
Altra,Trail Gaiter,per pair,clothing,36854,manufacturer,https://trailful.com/products/altra-trail-gaiter
And Wander,2.5 Layer Hiker Rain Jacket,,clothing,470000,manufacturer,https://haku-clothing.com/products/19219
And Wander,3L UL Rain Jacket,,clothing,200000,manufacturer,https://www.yardsstore.com/products/and-wander-3l-ul-rain-jacket-light-gray
And Wander,Pertex Printed Wind Jacket,,clothing,200000,manufacturer,https://standardandstrange.com/products/pertex-printed-wind-jacket-black
And Wander,Stretch Shell Jacket,,clothing,700000,manufacturer,https://haku-clothing.com/products/21390
And Wander,Vent Pants,,clothing,300000,manufacturer,https://haku-clothing.com/products/20514
Appalachian Gear Company,All-Paca Fleece Hoodie,Men's M,clothing,311845,manufacturer,https://appalachiangearcompany.com/products/mens-all-paca-fleece-hoodie
Arc'teryx,Atom Hoody,Men's M,clothing,355000,manufacturer,https://web.archive.org/web/20260317104033id_/https://arcteryx.com/us/en/shop/mens/atom-hoody-9556
Arc'teryx,Cerium Hoody,Men's,clothing,338000,manufacturer,https://arcteryx.com/us/en/shop/mens/cerium-hoody-0521
Arc'teryx,Cerium SL Hoody,Men's M,clothing,215456,manufacturer,https://arcteryx.com/us/en/shop/mens/cerium-sl-hoody-1036
Arc'teryx,Cormac Hoody,Men's,clothing,160000,manufacturer,https://mountainhighoutfitters.com/products/m-cormac-hoody
Arc'teryx Veilance,Isogon Hooded Jacket,,clothing,390000,manufacturer,https://www.altitude-sports.com/products/arcteryx-veilance-mens-isogon-hooded-jacket-llll-vlc-15643
Black Diamond,Lightweight Screentap Liners,Men's,clothing,37000,manufacturer,https://blackdiamondequipment.com/products/lightweight-screentap-liners
Brooks,Cascadia 18,"Men's, per shoe",clothing,314680,manufacturer,https://www.brooksrunning.com/en_us/mens/shoes/trail-shoes/cascadia-18/110426.html
Buff,Original Multifunctional Headwear,One size,clothing,35000,measured,https://www.alexroddie.com/2017/03/review-original-buff-multifunctional-headwear/
Coghlan's,Mosquito Head Net,One size,clothing,29000,measured,https://riversportsman.com/product/coghlans-mosquito-head-net/
Crocs,Classic Clog,"Men's, per pair",clothing,317515,measured,https://www.cleverhiker.com/footwear/crocs-classic-clog-review/
Darn Tough,Hiker Boot Midweight,"Men's, per pair",clothing,73709,measured,https://www.outdoorgearlab.com/reviews/shoes-and-boots/hiking-socks/darn-tough-hiker-full-cushion
Darn Tough,Light Hiker Quarter Lightweight Cushion,"Men's, per pair",clothing,59534,manufacturer,https://darntough.com/products/mens-merino-wool-light-hiker-quarter-cushioned-lightweight-hiking-socks
Decathlon,Forclaz MT100 Hooded Down Jacket,Men's L,clothing,320350,manufacturer,https://www.decathlon.com/products/simond-mt100-hooded-down-puffer-jacket-167571.json
Decathlon (Simond),MT100 Hooded Down Jacket,Men's M,clothing,292000,measured,https://www.outdoorgearlab.com/reviews/clothing-mens/down-jacket-men/decathlon-simond-mt100-hooded-puffer
Dirty Girl Gaiters,Dirty Girl Gaiters,per pair,clothing,39689,measured,https://www.outdoorgearlab.com/reviews/climbing/gaiters/dirty-girl-gaiter
Enlightened Equipment,Copperfield Wind Pants,Men's,clothing,37138,manufacturer,https://enlightenedequipment.com/mens-copperfield-wind-pants-cus/
Enlightened Equipment,Torrid APEX Jacket,Men's M,clothing,238136,manufacturer,https://www.adventurealan.com/enlightened-equipment-torrid-apex-jacket-review/
Frogg Toggs,Ultra-Lite2 Rain Suit (jacket + pants),Men's,clothing,362874,manufacturer,https://www.froggtoggs.com/products/the-frogg-toggsr-ultra-lite2tm-4749
Gnuhr,Breaker Wind Pants,4,clothing,63000,manufacturer,https://www.gnuhr.com/products/breaker-wind-pants
Gnuhr,Breaker Wind Shirt,4,clothing,71000,manufacturer,https://www.gnuhr.com/products/breaker-wind-shirt
Gnuhr,Creeper Crew,4,clothing,258000,manufacturer,https://www.gnuhr.com/products/creeper-crew
Gnuhr,Creeper Crew Merino,4,clothing,182000,manufacturer,https://www.gnuhr.com/products/creeper-crew-merino
Gnuhr,Creeper Crew Merino v2.0,4,clothing,172000,manufacturer,https://www.gnuhr.com/products/creeper-crew-merino-v2-0
Gnuhr,Creeper Hood Merino,4,clothing,200000,manufacturer,https://www.gnuhr.com/products/creeper-hood-merino
Gnuhr,Heatwave Puffer Jacket,4,clothing,308000,manufacturer,https://www.gnuhr.com/products/heatwave-puffer-jacket
Gnuhr,Heatwave Puffer Jacket v1.5,4,clothing,361000,manufacturer,https://www.gnuhr.com/products/heatwave-puffer-jacket-v1-5
Gnuhr,Power Hoodie v1.5,4,clothing,545000,manufacturer,https://www.gnuhr.com/products/power-hoodie-v1-5
Gnuhr,Shag Hood,,clothing,33000,manufacturer,https://www.gnuhr.com/products/shag-hood
Gnuhr,Shag Hoodie,,clothing,130500,manufacturer,https://www.gnuhr.com/products/shag-hoodie
Gnuhr,Shag Hoodie v2.0,4,clothing,124000,manufacturer,https://www.gnuhr.com/products/shag-hoodie-v2-0
Gnuhr,Shag Sweater,,clothing,130500,manufacturer,https://www.gnuhr.com/products/shag-sweater
Gnuhr,Shag Sweater v2.0,4,clothing,100000,manufacturer,https://www.gnuhr.com/products/shag-sweater-v2-0
Gnuhr,Shag T,,clothing,96000,manufacturer,https://www.gnuhr.com/products/shag-t
Gnuhr,Shag T v2.0,4,clothing,79000,manufacturer,https://www.gnuhr.com/products/shag-t-v2-0
Gnuhr,Warp Cargo Legging,3-4,clothing,235000,manufacturer,https://www.gnuhr.com/products/warp-cargo-legging
Gnuhr,Wool Shag Hoodie,4,clothing,227000,manufacturer,https://www.gnuhr.com/products/wool-shag-hoodie
Gnuhr,Wool Shag Sweater,4,clothing,156000,manufacturer,https://www.gnuhr.com/products/wool-shag-sweater
Gnuhr x Norda,Gnorda Dyneema Breaker Wind Pants,4,clothing,102000,manufacturer,https://www.gnuhr.com/products/gnorda-dyneema-breaker-wind-pants
Gnuhr x Norda,Gnorda Dyneema Breaker Wind Shirt,4,clothing,112000,manufacturer,https://www.gnuhr.com/products/gnorda-dyneema-breaker-wind-shirt
Gnuhr x Norda,Gnorda Shag Zip Hoodie,4,clothing,141000,manufacturer,https://www.gnuhr.com/products/gnorda-shag-zip-hoodie
Gnuhr x Norda,Gnorda Warp Cargo Legging,3-4,clothing,235000,manufacturer,https://www.gnuhr.com/products/gnorda-warp-cargo-legging
Gnuhr x Norda,Gnorda Warp Short Short Lined,3-4,clothing,197000,manufacturer,https://www.gnuhr.com/products/gnorda-warp-short-short-lined
Gnuhr x Norda,Gnorda Warp T-Tank,3-4,clothing,179000,manufacturer,https://www.gnuhr.com/products/gnorda-warp-t-tank
Goldwin,Dry Mesh Jacket,size 3 (M),clothing,250000,manufacturer,https://eushop.goldwin-global.com/products/gm35100
Goldwin,Dual Layered L/S Hoodie,size 3 (M),clothing,257000,manufacturer,https://usshop.goldwin-global.com/products/gm35323
Goldwin,GORE-TEX 3/4 Over Coat,size 3 (M),clothing,500000,manufacturer,https://usshop.goldwin-global.com/products/gl05141
Goldwin,GORE-TEX 3L Jacket,size 3 (M),clothing,420000,manufacturer,https://usshop.goldwin-global.com/products/gl05140
Goldwin,Light Warmer Kochi Jacket,size 3 (M),clothing,170000,manufacturer,https://eushop.goldwin-global.com/products/gmw25309
Goldwin,Nylon Multi Purpose Jacket,size 3 (M),clothing,510000,manufacturer,https://ukshop.goldwin-global.com/products/gl15143
Goldwin,One Tuck Tapered Stretch Pants,size 3 (M),clothing,535000,manufacturer,https://usshop.goldwin-global.com/products/gl75177
Goldwin,Pertex Shield Air Fast Run Jacket,size L,clothing,115000,manufacturer,https://www.goldwin-global.com/us/feature/trail-running-25ss/
Goldwin,Pertex Shield Pro Fast Run Jacket,size 3 (M),clothing,140000,manufacturer,https://eushop.goldwin-global.com/products/gm05333
Goldwin,Pertex Shieldair A/L Jacket,size 3 (M),clothing,104000,manufacturer,https://www.goldwin-global.com/us/feature/trail-running-24ss/
Goldwin,Relax Straight Easy Pants,size 3 (M),clothing,350000,manufacturer,https://usshop.goldwin-global.com/products/gl73179
Goldwin,Rip-stop Hooded Jacket,size 3 (M),clothing,320000,manufacturer,https://usshop.goldwin-global.com/products/gl15145
Goldwin,Zip-up Floating Wind Shell Jacket,size 3 (M),clothing,90000,manufacturer,https://www.goldwin-global.com/us/feature/trail-running-24ss/
Hoka,Challenger 7,"Men's, per pair",clothing,504622,manufacturer,https://www.alpinetrek.co.uk/hoka-challenger-atr-7-trail-running-shoes/
Hoka,Speedgoat 6,"Men's, per shoe",clothing,277825,manufacturer,https://www.alpinetrek.co.uk/hoka-speedgoat-6-trail-running-shoes/
Hoka,Torrent 4,"Men's, per shoe",clothing,246641,manufacturer,https://www.runningwarehouse.eu/HOKA_Torrent_4/descpage-HTO4CGN-EN.html
Houdini,Fall in Jacket,L,clothing,1000000,manufacturer,https://houdinisportswear.com/en-us/clothing/jackets/mens-fall-in-jacket-820008
Houdini,Five to Nine Jacket,L,clothing,630000,manufacturer,https://houdinisportswear.com/en-us/clothing/jackets/mens-five-to-nine-jacket-810022
Houdini,Go Jacket,M,clothing,506000,manufacturer,https://houdinisportswear.com/en-us/clothing/jackets/mens-go-jacket-860028
Houdini,Pace Trail Jacket,L,clothing,150000,manufacturer,https://houdinisportswear.com/en-us/clothing/jackets/mens-pace-trail-jacket-810058
Houdini,Pace Wind Jacket,L,clothing,224000,manufacturer,https://houdinisportswear.com/en-us/clothing/jackets/mens-pace-wind-jacket-840005
Houdini,Power Houdi,,clothing,478000,manufacturer,https://houdinisportswear.com/en-us/clothing/sweaters-hoodies/mens-power-houdi-830063
Houdini,The Orange Jacket,L,clothing,195000,manufacturer,https://houdinisportswear.com/en-us/clothing/jackets/mens-the-orange-jacket-810006
Houdini,The Orange Tee,L,clothing,130000,manufacturer,https://houdinisportswear.com/en-us/clothing/t-shirts/mens-the-orange-tee-810062
Injinji,Liner Crew,per pair,clothing,11340,measured,https://www.outdoorgearlab.com/reviews/shoes-and-boots/hiking-socks/injinji-liner-crew
Injinji,Trail Midweight Mini-Crew,Toe socks (per pair),clothing,55000,measured,https://brianoutdoorsblog.wordpress.com/2019/05/06/injinji-trail-midweight-mini-crew-toe-socks/
La Sportiva,Bushido III,"Men's, per shoe",clothing,297670,manufacturer,https://www.lasportivausa.com/products/bushido-iii
La Sportiva,Ethereal Pro Jacket,Men's M,clothing,157000,manufacturer,https://web.archive.org/web/20250905154433id_/https://www.lasportivausa.com/ethereal-pro-jkt-m.html
La Sportiva,Lumina 200 Down Jacket,Men's,clothing,238000,measured,https://www.treelinereview.com/gearreviews/la-sportiva-lumina-down-jacket-review
LightHeart Gear,Alpha Direct 90 Hoodie,Men's M,clothing,147418,manufacturer,https://lightheartgear.com/products/alpha-direct-90-hoodie-with-kangaroo-pocket
Melanzana,Micro Grid Hoodie V2,Men's L,clothing,343029,manufacturer,https://melanzana.com/products/2025-micro-grid-hoodie-v2
Merrell,Moab 3 (low),"Men's, per shoe",clothing,459262,manufacturer,https://www.merrell.com/US/en/moab-3/52481M.html
Montbell,Alpine Light Down Parka,Men's M,clothing,391223,manufacturer,https://web.archive.org/web/20250828103536id_/https://www.montbell.com/us/en/products/detail/2301366
Montbell,EX Light Down Anorak,Men's M,clothing,215456,manufacturer,https://web.archive.org/web/20250321083016id_/https://www.montbell.com/us/en/products/detail/2301351
Montbell,EX Light Down Jacket,"Men's M, full-zip",clothing,161592,manufacturer,https://www.backcountry.com/montbell-ex-light-down-jacket-mens
Montbell,Plasma 1000 Down Jacket,Men's M,clothing,136078,manufacturer,https://www.montbell.com/us/en/products/detail/2301381
Montbell,Storm Cruiser Jacket,Men's M,clothing,283495,manufacturer,https://web.archive.org/web/20250419023338id_/https://www.montbell.com/us/en/products/detail/2328174
Montbell,Versalite Jacket,Men's M,clothing,181437,manufacturer,https://web.archive.org/web/2id_/https://www.montbell.com/us/en/products/detail/2328169
Montbell,Versalite Pants,Men's M,clothing,90718,manufacturer,https://euro.montbell.com/products/disp.php?p_id=2328232
Mountain Hardwear,Crater Lake Hoody,Men's,clothing,167262,manufacturer,https://www.mountainhardwear.com/p/mens-crater-lake-hoody-1982411.html
Mountain Hardwear,Ghost Whisperer Hoody,Men's M,clothing,249476,manufacturer,https://web.archive.org/web/20240719182014id_/https://www.mountainhardwear.com/p/mens-ghost-whisperer%2F2-hoody-1874761.html
Mountain Hardwear,Ghost Whisperer UL Hoody,Men's M,clothing,189942,manufacturer,https://www.adventurealan.com/product/mountain-hardwear-ghost-whisperer-ul-jacket/
Mountain Hardwear,Stretchdown Hoody,Men's M,clothing,263651,manufacturer,https://web.archive.org/web/20260510152321id_/https://www.mountainhardwear.com/p/mens-stretchdown-hoody-2104491.html
Nnormal,Kjerag,"UK 8, per shoe",clothing,200000,manufacturer,https://www.nnormal.com/en_US/men/shoes/kjerag/nnormal-kjerag-N1ZKGM1-003
Nnormal,Kjerag 02,"UK 7.5, per shoe",clothing,214000,manufacturer,https://www.nnormal.com/en_US/men/shoes/kjerag/nnormal-kjerag_02_shoe_black-N1ZKGM2-001
Nnormal,Tomir 02,"UK 8.5, per shoe",clothing,264000,manufacturer,https://www.nnormal.com/en_US/men/shoes/tmi/nnormal-tomir_02_shoe_green_white-N2ZTR25-005
Nnormal,Tomir 02 GTX,"UK 7.5, per shoe",clothing,282000,manufacturer,https://www.nnormal.com/en_US/men/shoes/tmi/nnormal-tomir_02_gtx_shoe_blue_grey-N2ZTRG1-001
Norda,001,"Men's, per shoe (US M9)",clothing,298000,measured,https://www.irunfar.com/norda-001-review
Norda,001A,"Men's, per shoe (US M 8.5)",clothing,267903,manufacturer,https://nordarun.com/products/001a-m-black
Norda,002,"Men's, per shoe (US M 8.5)",clothing,248909,manufacturer,https://nordarun.com/products/002-m-summit-black
Norda,005,"Men's, per shoe (US M 8.5)",clothing,212621,manufacturer,https://nordarun.com/products/005-m-neve
On,Cloudrock Low Waterproof,"men's, per pair",clothing,858991,measured,https://www.treelinereview.com/gearreviews/on-cloudrock-low-waterproof-hiking-shoe-review
On,Cloudultra,"US M9, per shoe",clothing,295000,measured,https://www.doctorsofrunning.com/2021/04/on-cloudultra-review.html
On,Cloudultra 2,"US M9, per shoe",clothing,289000,measured,https://www.irunfar.com/on-cloudultra-2-review
On,Cloudultra 3,per shoe,clothing,294835,measured,https://www.cleverhiker.com/footwear/on-cloudultra-3-trail-running-shoe-review/
On,Cloudvista,"US M8.5, per shoe",clothing,285000,measured,https://www.doctorsofrunning.com/2022/04/on-cloudvista-review.html
On,Cloudvista 2,per shoe,clothing,292000,measured,https://runrepeat.com/on-cloudvista-2
Outdoor Research,ActiveIce Chroma Full Sun Gloves,,clothing,39973,manufacturer,https://www.outdoorresearch.com/products/activeice-chroma-full-sun-gloves-280134
Outdoor Research,ActiveIce Chroma Sun Gloves,"Unisex, one size",clothing,34019,manufacturer,https://web.archive.org/web/20251211063136id_/https://www.outdoorresearch.com/products/activeice-chroma-sun-gloves-280133
Outdoor Research,Echo Hoodie,Men's M,clothing,149969,manufacturer,https://www.outdoorresearch.com/products/mens-echo-hoodie-287625
Outdoor Research,Foray II GORE-TEX Jacket,Men's M,clothing,337359,manufacturer,https://www.rei.com/product/203479/outdoor-research-foray-ii-gore-tex-jacket-mens
Outdoor Research,Helium Gaiters,per pair,clothing,138913,manufacturer,https://blog.outdoorprolink.com/proview-outdoor-research-mens-helium-gaiters/
Outdoor Research,Helium Rain Jacket,Men's M,clothing,175767,manufacturer,https://web.archive.org/web/20250512151841id_/https://www.outdoorresearch.com/products/mens-helium-rain-jacket-275386
Outdoor Research,Helium Rain Pants,Men's M,clothing,150252,manufacturer,https://web.archive.org/web/20250514181805id_/https://www.outdoorresearch.com/products/mens-helium-rain-pants-275387
Outdoor Research,Sun Runner Cap,,clothing,84482,manufacturer,https://www.outdoorresearch.com/products/sun-runner-cap-300299
Pas Normal Studios,Mechanism Pertex Rain Jacket,Medium,clothing,112000,measured,https://www.cyclist.co.uk/reviews/pas-normal-studios-mechanism-pertex-rain-jacket-review
Patagonia,Capilene Cool Lightweight Shirt,Men's M (short sleeve),clothing,74000,manufacturer,https://web.archive.org/web/20201029055041id_/https://www.patagonia.com/product/mens-capilene-cool-lightweight-shirt/45760.html
Patagonia,Capilene Midweight Bottoms,Men's M,clothing,164000,manufacturer,https://web.archive.org/web/20240114165323id_/https://www.patagonia.com/product/mens-capilene-midweight-baselayer-bottoms/44487.html
Patagonia,Down Sweater Hoody,Men's M,clothing,420000,manufacturer,https://web.archive.org/web/20250811183007id_/https://www.patagonia.com/product/mens-down-sweater-insulated-hoody/84702.html
Patagonia,Houdini Jacket,Men's M,clothing,105000,manufacturer,https://web.archive.org/web/20200718053536id_/https://www.patagonia.com/product/mens-houdini-windbreaker-jacket/24142.html
Patagonia,Long-Sleeved Sun Stretch Shirt,Men's M,clothing,159000,manufacturer,https://web.archive.org/web/20250522095505id_/https://www.patagonia.com/product/mens-long-sleeved-sun-stretch-shirt/52198.html
Patagonia,Micro Puff Hoody,Men's M,clothing,298000,manufacturer,https://web.archive.org/web/20241207105818id_/https://www.patagonia.com/product/mens-micro-puff-insulated-hoody/84031.html
Patagonia,Nano Puff Jacket,Men's M,clothing,369000,manufacturer,https://web.archive.org/web/20250903022513id_/https://www.patagonia.com/product/mens-nano-puff-insulated-jacket/84213.html
Patagonia,Nano Puff Jacket,Women's M,clothing,309000,manufacturer,https://web.archive.org/web/20250912112307id_/https://www.patagonia.com/product/womens-nano-puff-insulated-jacket/84218.html
Patagonia,P-6 Logo LoPro Trucker Hat,,clothing,85000,manufacturer,https://www.idahomountaintouring.com/products/p-6-logo-lopro-trucker-hat
Patagonia,Quandary Pants - Regular,Men's M,clothing,318000,manufacturer,https://web.archive.org/web/20260128055417id_/https://www.patagonia.com/product/mens-quandary-hiking-pants-regular/55183.html
Patagonia,R1 Air Full-Zip Hoody,Men's M,clothing,369000,manufacturer,https://web.archive.org/web/20250912121826id_/https://www.patagonia.com/product/mens-r1-air-fleece-midlayer-full-zip-hoody/40256.html
Petzl,Cordex Plus belay/rappel gloves,Size L,clothing,146000,manufacturer,https://www.petzl.com/US/en/Sport/Packs-And-Accessories/CORDEX-PLUS
Petzl,Cordex Plus belay/rappel gloves,Size M,clothing,140000,manufacturer,https://www.petzl.com/US/en/Sport/Packs-And-Accessories/CORDEX-PLUS
Petzl,Cordex Plus belay/rappel gloves,Size S,clothing,136000,manufacturer,https://www.petzl.com/US/en/Sport/Packs-And-Accessories/CORDEX-PLUS
Petzl,Cordex Plus belay/rappel gloves,Size XL,clothing,152000,manufacturer,https://www.petzl.com/US/en/Sport/Packs-And-Accessories/CORDEX-PLUS
Rab,Microlight Alpine Jacket,Men's L,clothing,467767,manufacturer,https://web.archive.org/web/20260218183657id_/https://rab.equipment/us/microlight-alpine-jacket
Rab,Mythic Ultra,Men's M,clothing,535806,manufacturer,https://web.archive.org/web/20251118014943/https://rab.equipment/us/mythic-ultra-jacket
Salomon,Sense Ride 5,"Men's, per shoe",clothing,292000,manufacturer,https://www.alpinetrek.co.uk/salomon-sense-ride-5-trail-running-shoes/
Salomon,X Ultra 360 (low),"Men's, per shoe",clothing,348699,manufacturer,https://www.alpinetrek.co.uk/salomon-x-ultra-360-multisport-shoes/
Satisfy,CloudMerino 66 T-Shirt,M,clothing,100000,manufacturer,https://satisfyrunning.com/products/cloudmerino-66-t-shirt-sun-bleached-black
Satisfy,CloudMerino Beanie,,clothing,71000,manufacturer,https://satisfyrunning.com/products/cloudmerino-hat-1
Satisfy,CloudMerino Liner Gloves,,clothing,32000,manufacturer,https://satisfyrunning.com/products/cloudmerino-liner-gloves-batik-falcon
Satisfy,"HeatCrush 8"" Desert Shorts",M,clothing,86000,manufacturer,https://satisfyrunning.com/products/heatcrush-desert-shorts-moonstruck
Satisfy,HeatCrush Arm Sleeves,,clothing,32000,manufacturer,https://satisfyrunning.com/products/heatcrush-arm-sleeves-moonstruck
Satisfy,HeatCrush Long Sleeve Base Layer,M,clothing,120000,manufacturer,https://satisfyrunning.com/products/heatcrush-base-layer-moonstruck
Satisfy,HeatCrush T-Shirt,M,clothing,175000,manufacturer,https://satisfyrunning.com/products/heatcrush-t-shirt-moonstruck
Satisfy,"Justice Cordura 9"" Half Tights",M,clothing,93000,manufacturer,https://satisfyrunning.com/products/justice-cordura-9-half-tights-black
Satisfy,Justice Trail Half-Zip T-Shirt,M,clothing,68000,manufacturer,https://satisfyrunning.com/products/justice-trail-half-zip-t-shirt-falcon
Satisfy,"PeaceShell 5"" Unlined Shorts",M,clothing,86000,manufacturer,https://satisfyrunning.com/products/peaceshell-5-unlined-shorts
Satisfy,PeaceShell River Shirt,M,clothing,168000,manufacturer,https://satisfyrunning.com/products/peaceshell-river-shirt-2
Satisfy,Pertex 3L Fly Rain Jacket,M,clothing,154000,manufacturer,https://satisfyrunning.com/products/pertex-3l-fly-rain-jacket
Satisfy,Pertex Diamond Fuse Windbreaker,M,clothing,107000,manufacturer,https://satisfyrunning.com/products/pertex-diamond-fuse-windbreaker-black
Satisfy,Pertex Modular Thermal Vest,M,clothing,187000,manufacturer,https://satisfyrunning.com/products/pertex-modular-thermal-vest-1
Satisfy,Rippy Modular Windbreaker,M,clothing,93000,manufacturer,https://satisfyrunning.com/products/rippy-modular-windbreaker-black
Satisfy,"Space-O 2.5"" Shorts",M,clothing,124000,manufacturer,https://satisfyrunning.com/products/long-distance-2-5-shorts
Satisfy,"TechSilk 8"" Shorts",M,clothing,130000,manufacturer,https://satisfyrunning.com/products/short-distance-8-shorts
Saucony,Peregrine 14,"Men's, per shoe",clothing,266486,manufacturer,https://www.alpinetrek.co.uk/saucony-peregrine-14-trail-running-shoes/
Sea to Summit,Mosquito Head Net with Insect Shield,,clothing,36854,manufacturer,https://www.campingworld.com/sea-to-summit-mosquito-head-net-with-insect-shield-202502.html
Senchi Designs,Alpha 60 Hoodie,Men's M,clothing,107728,manufacturer,https://senchidesigns.com/pages/weight-chart-alpha-60-hoodie
Senchi Designs,Alpha 90 Hoodie,Men's M,clothing,127573,manufacturer,https://senchidesigns.com/pages/weight-chart-alpha-90-hoodie-w-pocket
Smartwool,Merino 150 Base Layer Long Sleeve,Men's M,clothing,170097,manufacturer,https://web.archive.org/web/20190721193205id_/https://www.smartwool.com/shop/mens-merino-150-base-layer-long-sleeve-SW016042
Smartwool,Merino 250 Cuffed Beanie,One size,clothing,59534,manufacturer,https://www.rei.com/product/738915/smartwool-thermal-merino-reversible-cuffed-beanie
Snow Peak,Breathable Insulated Jacket,Size L,clothing,410000,manufacturer,https://1290sqm.com/products/snow-peak-breathable-insulated-jacket-black
Soar,Nano Jacket,M,clothing,129000,measured,https://www.roadtrailrun.com/2025/12/soar-running-nano-jacket-review.html
Soar,Nano Rain Jacket,L,clothing,242000,measured,https://www.advnture.com/reviews/soar-nano-rain-jacket
Soar,Running Sleeves,M,clothing,28000,measured,https://www.irunfar.com/soar-running-apparel-review
Soar,Trail Rain Jacket,M,clothing,159000,measured,https://www.roadtrailrun.com/2023/11/soar-running-x-trail-round-up-review.html
Soar,Ultra Rain Jacket 2.0,M,clothing,144000,manufacturer,https://www.runningxpert.com/en/soar-herre-ultra-rain-jacket-2-0.html
The North Face,ThermoBall Eco Hoodie,Men's M,clothing,450757,manufacturer,https://web.archive.org/web/20240913041531/https://www.backcountry.com/the-north-face-thermoball-eco-hoodie-mens
Topo Athletic,Pursuit 2,"Men's, per shoe",clothing,300505,manufacturer,https://www.runningwarehouse.eu/Topo_Athletic_Pursuit_2/descpage-TO2PUM0-EN.html
Topo Athletic,Ultraventure 4,"Men's, per shoe",clothing,294835,manufacturer,https://www.topoathletic.com/mens-ultraventure-4
Zpacks,Vertice Rain Jacket,Men's,clothing,153087,manufacturer,https://zpacks.com/products/vertice-rain-jacket
ACR,ResQLink 400 PLB,,electronics,143789,manufacturer,https://www.acrartex.com/products/resqlink-400/
Anker,313 Power Bank (PowerCore 10K),A1229,electronics,212621,manufacturer,https://service.anker.com/product-description/a085g000004x2B4AAI/anker-313-power-bank-powercore-10k
Anker,511 Power Bank (PowerCore Fusion 5K),A1633,electronics,170000,manufacturer,https://service.anker.com/product-description/a085g000004zVOvAAM/anker-511-power-bank-powercore-fusion-5k
Anker,Nano Charger (20W),A2637,electronics,31184,manufacturer,https://www.anker.com/products/a2637-nano-20w-charger
Anker,PowerCore 10000,A1263,electronics,178602,manufacturer,https://service.anker.com/product-description/a085g000004x2B3AAI/powercore-10000
Apple,iPhone 14 Pro,,electronics,206000,manufacturer,https://www.apple.com/iphone-14-pro/specs/
Apple,iPhone 15,,electronics,171000,manufacturer,https://www.apple.com/iphone-15/specs/
Apple,iPhone 15 Pro,,electronics,187000,manufacturer,https://www.apple.com/iphone-15-pro/specs/
Apple,iPhone 16,,electronics,170000,manufacturer,https://www.apple.com/iphone-16/specs/
Apple,iPhone 16 Pro,,electronics,199000,manufacturer,https://www.apple.com/iphone-16-pro/specs/
Apple,iPhone 16e,,electronics,167000,manufacturer,https://www.apple.com/iphone-16e/specs/
Apple,iPhone 17,,electronics,177000,manufacturer,https://www.apple.com/iphone-17/specs/
Apple,iPhone 17 Pro,,electronics,206000,manufacturer,https://www.apple.com/iphone-17-pro/specs/
Apple,iPhone 17 Pro Max,,electronics,233000,manufacturer,https://www.apple.com/iphone-17-pro/specs/
Black Diamond,Spot 400 Headlamp,,electronics,86000,manufacturer,https://blackdiamondequipment.com/products/spot-400-headlamp
Black Diamond,Storm 500-R Headlamp,Rechargeable,electronics,120000,manufacturer,https://blackdiamondequipment.com/products/storm-500-r-rechargeable-headlamp
DJI,Osmo Pocket 4,with battery,electronics,190500,manufacturer,https://www.cliftoncameras.co.uk/uploads/specifications/cliftoncameras-dji-osmo-pocket-4-specs.pdf
Elecjet,PowerPie P20,20000mAh,electronics,388000,measured,https://www.chargerlab.com/elecjet-powerpie-45w-power-bank-in-depth-review/
Flextail,Zero Power 5000,5000mAh,electronics,85000,manufacturer,https://www.flextail.com/products/zero-power-5-000c-the-worlds-lightest-thinnest-5-000mah-power-bank-85g
Garmin,inReach Messenger,,electronics,113398,manufacturer,https://www.garmin.com/en-US/p/793265/
Garmin,inReach Messenger Plus,,electronics,116233,measured,https://backpackinglight.com/garmin-inreach-messenger-plus-review/
Garmin,inReach Mini,original,electronics,99223,manufacturer,https://andrewskurka.com/preview-garmin-inreach-mini/
Garmin,inReach Mini 2,Satellite Communicator,electronics,99223,manufacturer,https://osat.com/products/garmin-inreach-mini-2
Garmin,inReach Mini 3,base,electronics,122000,measured,https://www.dcrainmaker.com/2025/12/garmin-inreach-mini-3-3-plus-in-depth-review-upgrade.html
Goal Zero,Flip 24 Power Bank,6700mAh,electronics,130408,manufacturer,https://shop.gohunt.com/products/goal-zero-flip-24-power-bank
Nitecore,NB10000,GEN2,electronics,150000,manufacturer,https://www.nitecore.com/product/nb10000
Nitecore,NB10000 Gen4,10000mAh,electronics,141748,manufacturer,https://nitecorestore.com/products/nb10000gen4-usbc-lightweight-power-bank
Nitecore,NB5000,5000mAh,electronics,115000,manufacturer,https://imrbatteries.com/products/nitecore-nb5000-ultra-lightweight-power-bank-5-000mah.json
Nitecore,NU25,"400 lumen, USB-C",electronics,50000,manufacturer,https://www.nitecore.com/product/nu25
Petzl,ACTIK CORE Headlamp,,electronics,88000,manufacturer,https://www.petzl.com/US/en/Sport/Headlamps/ACTIK-CORE
Petzl,BINDI Headlamp,,electronics,34870,manufacturer,https://www.petzl.com/US/en/Sport/News/2018-7-24/What-you-need-to-know-about-the-BINDI
Petzl,e+LITE,Emergency Headlamp,electronics,26000,manufacturer,https://www.petzl.com/INT/en/Operators/Headlamps/ePLUSLITE
Petzl,Swift LT,,electronics,43000,manufacturer,https://www.petzl.com/US/en/Sport/News/2026-3-22/SWIFT-RL-vs-SWIFT-LT
Ricoh,GR III,"body, with battery + SD",electronics,257000,manufacturer,https://www.ricoh-imaging.co.jp/english/products/gr-3/spec/
Ricoh,GR IV,"body, with battery + SD",electronics,262000,manufacturer,https://www.ricoh-imaging.co.jp/english/products/gr-4/spec/
ZOLEO,Satellite Communicator,,electronics,150000,manufacturer,https://www.zoleo.com/en-us/product/zoleo-global-satellite-communicator
Adventure Medical Kits,Ultralight/Watertight .5 Medical Kit,.5,firstaid,102058,manufacturer,https://adventuremedicalkits.com/products/ultralight-watertight-medical-kit-5
Adventure Medical Kits,Ultralight/Watertight .7 Medical Kit,.7,firstaid,164427,manufacturer,https://adventuremedicalkits.com/products/ultralight-watertight-medical-kit-7
Leukotape,Leukotape P Sports Tape,1.5 in x 15 yd full roll,firstaid,110563,measured,https://www.litesmith.com/leukotape-p-blister-prevention-tape/
Aquatabs,Water Purification Tablets,per tablet,consumable,397,manufacturer,https://www.aquatabs.us/product/aquatabs-397mg-tablets-x100/
Backpacker's Pantry,Pad Thai,"pouch (2 servings, net)",consumable,175767,manufacturer,https://backpackerspantry.com/products/pad-thai
Clif Bar,Clif Bar,single bar,consumable,68000,manufacturer,https://eu.clifbar.com/en/products/clif-bar-chocolate-chip/
Esbit,Solid Fuel Tablet,per 14 g tablet,consumable,14000,manufacturer,https://esbit.de/en/products/solid-fuel-tablets
Esbit,Solid Fuel Tablets,12 x 14 g pack (net),consumable,172000,manufacturer,https://esbit.de/en/products/solid-fuel-tablets
Honey Stinger,Organic Honey Waffle,single waffle,consumable,30050,manufacturer,https://honeystinger.com/products/honey
Idahoan,Classic Mashed Potatoes,single pouch,consumable,113398,manufacturer,https://idahoan.com/products/100645
Jetboil,JetPower Fuel,100g (net fuel),consumable,100000,manufacturer,https://jetboil.johnsonoutdoors.com/us/shop/parts-accessories/fuel-related/jetpower-fuel-single/jf1001
Jetboil,JetPower Fuel,230g (net fuel),consumable,230000,manufacturer,https://jetboil.johnsonoutdoors.com/us/shop/parts-accessories/fuel-related/jetpower-fuel-single
Justin's,Classic Almond Butter Squeeze Pack,single serve,consumable,32602,manufacturer,https://www.target.com/p/justin-s-squeeze-pack-classic-almond-butter-1-15oz/-/A-15989040
Knorr,Rice Sides Cheddar Broccoli,one pouch,consumable,161592,manufacturer,https://smartlabel.unileverusa.com/041000022784-0001-en-US/index.html
Liquid I.V.,Hydration Multiplier,single stick,consumable,15876,manufacturer,https://www.fairwaymarket.com/product/liquid-iv-hydration-multiplier-electrolyte-drink-mix-sticks-056-oz-10-count-id-00810125970535
Matador,Refillable Toothpaste Tubes,1-week,consumable,7000,manufacturer,https://www.matadorequipment.com/products/refillable-toothpaste-tubes
Matador,Refillable Toothpaste Tubes,2-week,consumable,8000,manufacturer,https://www.matadorequipment.com/products/refillable-toothpaste-tubes
Mountain House,Beef Stroganoff - Pro-Pak,Pro-Pak (1 serving),consumable,130408,manufacturer,https://lintonoutdoors.com/mountain-house-beef-stroganoff-propak/
Mountain House,Biscuits and Gravy,"pouch (2 servings, net)",consumable,124738,manufacturer,https://lintonoutdoors.com/mountain-house-biscuits-and-gravy/
MSR,IsoPro Fuel Canister,110g canister (net fuel),consumable,110000,manufacturer,https://cascadedesigns.com/products/msr-isopro-fuel
MSR,IsoPro Fuel Canister,227g canister (net fuel),consumable,227000,manufacturer,https://cascadedesigns.com/products/msr-isopro-fuel
MSR,IsoPro Fuel Canister,450g canister (net fuel),consumable,450000,manufacturer,https://cascadedesigns.com/products/msr-isopro-fuel
Nature Valley,Crunchy Granola Bars,one 2-bar pouch (net),consumable,42000,manufacturer,https://www.naturevalley.com/products/oats-n-honey-crunchy-granola-bars
Peak Refuel,Beef Stroganoff,"pouch (2 servings, net)",consumable,141748,manufacturer,https://peakrefuel.com/products/beef-stroganoff
Pop-Tarts,Frosted Strawberry Toaster Pastries,one pouch (2 pastries),consumable,96000,manufacturer,https://foods.fatsecret.com/calories-nutrition/kelloggs/pop-tarts-frosted---strawberry/1-pastry
PROBAR,BOLT Organic Energy Chews,single pouch,consumable,59534,manufacturer,https://theprobar.com/products/berry-blast-bolt-energy-chew
PROBAR,MEAL Bar,single bar,consumable,85049,manufacturer,https://theprobar.com/collections/meal-bar
RXBAR,Protein Bar,single bar,consumable,51880,manufacturer,https://www.amazon.com/RXBAR-Whole-Protein-Chocolate-1-83oz/dp/B07CWXX69K
Skratch Labs,Hydration Sport Drink Mix,single-serving stick,consumable,22000,manufacturer,https://www.skratchlabs.com/products/hydration-sport-drink-mix
Snickers,Snickers Singles Size Chocolate Candy Bar,single bar,consumable,52730,manufacturer,https://www.snickers.com/products/chocolate/snickers-singles-size-chocolate-candy-bars-186-oz-bars
Starbucks,VIA Instant Coffee,single packet,consumable,3118,manufacturer,https://www.target.com/p/starbucks-via-instant-coffee-medium-roast-packets-pike-place-roast-packets-8ct-0-11oz/-/A-15251130
Adotec,Ultralight Food Locker,14L,other,199000,manufacturer,https://adotecgear.com/products/ultralight-food-locker-grizzly-bear-resistant-bag
BearVault,BV450 Jaunt Bear Canister,standard,other,935535,manufacturer,https://bearvault.com/products/bv450
BearVault,BV500 Journey Bear Canister,standard,other,1162331,manufacturer,https://bearvault.com/products/bv500
BIC,J25 Mini Lighter,Mini (J25),other,13000,manufacturer,https://www.bicgraphic.com/gb/bic-j25-lighter-3460002360.html
Black Diamond,Distance Carbon Z Trekking Poles,"120cm, per pair",other,280000,manufacturer,https://blackdiamondequipment.com/products/distance-carbon-z-poles
Black Diamond,Distance Spike Traction Device,per pair,other,200000,manufacturer,https://blackdiamondequipment.com/products/distance-spike-traction-device
Black Diamond,Distance Z Trekking Poles,per pair,other,347000,manufacturer,https://blackdiamondequipment.com/products/distance-z-trekking-running-poles
Black Diamond,Raven Pro Ice Axe,55cm,other,390000,manufacturer,https://blackdiamondequipment.com/products/raven-pro-ice-axe
Black Diamond,Trail Ergo Cork Trekking Poles,per pair,other,512000,manufacturer,https://gearheadoutfitters.com/products/trail-ergo-cork-trek-poles
CAMP,Corsa Ice Axe,50cm,other,209000,manufacturer,https://skimo.co/camp-corsa-ice-axe
CAMP,Corsa Nanotech Ice Axe,60cm,other,277000,manufacturer,https://skimo.co/camp-corsa-nanotech-ice-axe
Cascade Mountain Tech,Carbon Fiber Quick Lock Trekking Pole,"Cork Grip, per pole",other,229631,manufacturer,https://cascademountaintech.com/products/carbon-fiber-hiking-trekking-pole-cork-grip
Ciele,ALZCap SC,,other,54000,manufacturer,https://www.altitude-sports.com/p/ciele-alz-cap-sc-athletics-small-unisex-cie-clalzscas
Ciele,GOCap Century,,other,62000,manufacturer,https://thefeed.com/products/ciele-gocap-century
Ciele,GOCap Comp,,other,50000,manufacturer,https://cieleathletics.com/products/gocap-comp-century-glade
Ciele,GOCap SC,,other,55000,manufacturer,https://thealpinistas.com/ciele-gocap-sc-grp
District Vision,Kazu Tourer Sunglasses,,other,22000,manufacturer,https://twelvesixtynine.com/products/kazu-tourer-glacier-blue-ice
District Vision,Keiichi Sunglasses,,other,22000,manufacturer,https://twelvesixtynine.com/products/district-vision-keiichi-grey-calm-tech
District Vision,Nako Sunglasses,,other,22000,manufacturer,https://www.sportique.com/products/district-vision-nako-black-sunglasses-district-sky-g15
Durston,Iceline Trekking Poles,"Strapless, per pole",other,134000,manufacturer,https://durstongear.com/products/iceline-trekking-poles
Durston,Iceline Trekking Poles,"Strapped, per pole",other,145000,manufacturer,https://durstongear.com/products/iceline-trekking-poles
Gnuhr,Sling One,,other,23000,manufacturer,https://www.gnuhr.com/products/sling-1
goodr,OG,,other,22100,measured,https://www.packhacker.com/travel-gear/goodr/og-sunglasses/
Gossamer Gear,Lightrek Hiking Umbrella,,other,164427,manufacturer,https://www.gossamergear.com/products/liteflex-hiking-chrome-umbrella
Gossamer Gear,LT5 Three Piece Carbon Trekking Poles,per pole,other,138913,manufacturer,https://www.gossamergear.com/products/lt5-three-piece-carbon-trekking-poles-pair
Helinox,Chair Zero,chair only,other,490000,manufacturer,https://www.outdoorline.eu/products/helinox-chair-zero
Hillsound,Trail Crampon,per pair,other,462097,manufacturer,https://hillsound.com/products/trail-crampon
Kahtoola,EXOspikes,"per pair, Medium",other,206952,measured,https://www.cleverhiker.com/footwear/kahtoola-exospikes-traction-device-review/
Kahtoola,MICROspikes,per pair,other,337359,measured,https://www.cleverhiker.com/footwear/kahtoola-microspikes-traction-device-review/
Leki,Makalu Lite Trekking Poles,per pair,other,490447,measured,https://www.outdoorgearlab.com/reviews/camping-and-hiking/trekking-poles/leki-makalu-lite-cor-tec
Matador,FlatPak Toiletry Bottle,3oz / 90mL,other,11500,manufacturer,https://www.matadorequipment.com/products/flatpak-toiletry-bottle
Matador,FlatPak Travel Soap Bar Case,,other,13000,manufacturer,https://www.matadorequipment.com/products/flatpak-soap-bar-case
Matador,FlatPak Zipper Toiletry Case,,other,32000,manufacturer,https://www.matadorequipment.com/products/flatpak-zipper-toiletry-case
Matador,Global Travel Stash,,other,120000,manufacturer,https://www.matadorequipment.com/products/global-travel-stash
Matador,NanoDry Trek Towel,Small,other,34000,manufacturer,https://www.matadorequipment.com/products/nanodry-trek-towel-small
Matador,Travel Earplugs Kit,,other,7000,manufacturer,https://www.matadorequipment.com/products/travel-earplugs-kit
Montbell,Trekking Umbrella 50,50,other,155000,manufacturer,https://www.montbell.com/us/en/products/detail/1128698
Montbell,Trekking Umbrella 55,55,other,153087,manufacturer,https://www.montbell.com/us/en/products/detail/1128701
Montbell,Trekking Umbrella 60,60,other,167262,manufacturer,https://www.montbell.com/us/en/products/detail/1128702
MSR,Blizzard Stake,per stake,other,27000,manufacturer,https://www.msrgear.com/tents/tent-accessories/blizzard-tent-stakes/05809.html
MSR,Carbon Core Stake,per stake,other,5750,manufacturer,https://www.msrgear.com/tents/tent-accessories/carboncore-tent-stakes/02499.html
MSR,Core Stake,per stake,other,14175,measured,https://basecampfood.com/products/msr-core-stake-9-kit
MSR,Cyclone Stake,per stake,other,36010,manufacturer,https://www.cascadedesigns.com/products/cyclone-tent-stakes
MSR,Groundhog Stake,per stake,other,13950,manufacturer,https://www.msrgear.com/tents/tent-accessories/groundhog-tent-stakes/05807.html
MSR,Mini Groundhog Stake,per stake,other,9400,manufacturer,https://www.msrgear.com/tents/tent-accessories/mini-groundhog-stakes/05808.html
Oakley,Eye Jacket (Satisfy),,other,24000,measured,https://satisfyrunning.com/products/satisfy-oakley-eye-jacket
Oakley,Radar EV Path,,other,28000,measured,https://www.bikeradar.com/reviews/clothing/sunglasses-and-goggles/sunglasses/oakley-radar-ev-path-prizm-sunglasses-review
Oakley,Sutro,,other,32000,measured,https://road.cc/content/review/259423-oakley-sutro-glasses
Oakley,Sutro Lite,,other,32000,measured,https://road.cc/content/review/oakley-sutro-lite-280615
Opinel,No.06 Folding Knife,Carbon Steel,other,34019,manufacturer,https://www.opinel-usa.com/products/opinel-no-6-carbon-steel-blade
Petzl,Glacier Ice Axe,60cm,other,345000,manufacturer,https://www.petzl.com/US/en/Sport/Ice-axes/GLACIER
REI Co-op,Flexlite Air Chair,,other,479107,measured,https://www.outdoorgearlab.com/reviews/camping-and-hiking/backpacking-chair/rei-co-op-flexlite-air
REI Co-op,Traverse Trekking Poles,"Aluminum, per pair",other,526167,manufacturer,https://www.rei.com/product/251371/rei-co-op-traverse-trekking-poles-pair
Satisfy,PeaceShell Running Cap,,other,30000,manufacturer,https://satisfyrunning.com/products/peaceshell-running-cap-5
Satisfy,Pertex 3L Rain Cap,,other,27000,manufacturer,https://satisfyrunning.com/products/pertex-3l-rain-cap
Sea to Summit,Ultra-Sil Dry Bag,8L,other,39000,manufacturer,https://seatosummit.com/products/ultra-sil-dry-bag
Sea to Summit,Ultra-Sil Dry Sack,8L,other,39000,manufacturer,https://seatosummit.com/products/ultra-sil-dry-bag
Sea to Summit,Ultra-Sil Stuff Sack,13L,other,44000,manufacturer,https://seatosummit.com/products/the-ultra-sil-stuff-sack
Sea to Summit,Ultra-Sil Stuff Sack,L (15L),other,28350,manufacturer,https://www.ellis-brigham.com/sea-to-summit-ultra-sil-stuff-sack-large-15l-253103900
Sea to Summit,Ultra-Sil Stuff Sack,XXS (2.5L),other,11340,manufacturer,https://www.altitude-sports.com/products/sea-to-summit-ultra-sil-stuff-sack-xxs-2-5-l-llll-sts-181
Six Moon Designs,Silver Shadow Carbon Umbrella,,other,192777,manufacturer,https://www.sixmoondesigns.com/products/silver-shadow-carbon-umbrella
Soar,Ultra Race Cap,,other,27000,manufacturer,https://www.altitude-sports.com/p/soar-running-ultra-race-cap-unisex-soa-sa13mw
Sunski,Treeline,,other,28100,manufacturer,https://sunski.com/products/og-treeline
Suunto,Clipper L/B NH Compass,,other,5103,manufacturer,https://www.gossamergear.com/products/suunto-clipper-compact-compass
Teva,Original Universal Sandals,"per pair, size 11",other,411068,measured,https://www.outdoorgearlab.com/reviews/shoes-and-boots/sandals-mens/teva-original-universal
TheTentLab,The Deuce of Spades #2 Trowel,#2,other,17010,manufacturer,https://www.thetentlab.com/Deuce/number2.html
Ursack,Major AllMitey,standard,other,269320,manufacturer,https://ursack.com/products/ursack-allmitey
Ursack,Major Bear Bag,standard ~10.65L,other,215456,manufacturer,https://ursack.com/products/ursack-major
Victorinox,Classic SD,standard,other,22680,manufacturer,https://www.victorinox.com/en-US/Products/Swiss-Army-Knives/Small-Pocket-Knives/Classic-SD/p/0.6223
Wild Ideas,Bearikade Weekender,standard,other,878835,manufacturer,https://wild-ideas.net/weekender/
Zpacks,Tyvek Groundsheet,5 ft x 9 ft cut,other,260816,manufacturer,https://zpacks.com/products/tyvek-groundsheet
